<?xml version="1.0"?>
<doc>
    <assembly>
        <name>EcommerceAPI</name>
    </assembly>
    <members>
        <member name="T:EcommerceAPI.UnityConfig">
            <summary>
            Unity Config
            </summary>
        </member>
        <member name="M:EcommerceAPI.UnityConfig.RegisterComponents">
            <summary>
            Register Components
            </summary>
        </member>
        <member name="M:EcommerceAPI.Areas.HelpPage.ApiDescriptionExtensions.GetFriendlyId(System.Web.Http.Description.ApiDescription)">
            <summary>
            Generates an URI-friendly ID for the <see cref="T:System.Web.Http.Description.ApiDescription"/>. E.g. "Get-Values-id_name" instead of "GetValues/{id}?name={name}"
            </summary>
            <param name="description">The <see cref="T:System.Web.Http.Description.ApiDescription"/>.</param>
            <returns>The ID as a string.</returns>
        </member>
        <member name="T:EcommerceAPI.Areas.HelpPage.HelpPageConfig">
            <summary>
            Use this class to customize the Help Page.
            For example you can set a custom <see cref="T:System.Web.Http.Description.IDocumentationProvider"/> to supply the documentation
            or you can provide the samples for the requests/responses.
            </summary>
        </member>
        <member name="T:EcommerceAPI.Areas.HelpPage.Controllers.HelpController">
            <summary>
            The controller that will handle requests for the help page.
            </summary>
        </member>
        <member name="M:EcommerceAPI.Areas.HelpPage.HelpPageConfigurationExtensions.SetDocumentationProvider(System.Web.Http.HttpConfiguration,System.Web.Http.Description.IDocumentationProvider)">
            <summary>
            Sets the documentation provider for help page.
            </summary>
            <param name="config">The <see cref="T:System.Web.Http.HttpConfiguration"/>.</param>
            <param name="documentationProvider">The documentation provider.</param>
        </member>
        <member name="M:EcommerceAPI.Areas.HelpPage.HelpPageConfigurationExtensions.SetSampleObjects(System.Web.Http.HttpConfiguration,System.Collections.Generic.IDictionary{System.Type,System.Object})">
            <summary>
            Sets the objects that will be used by the formatters to produce sample requests/responses.
            </summary>
            <param name="config">The <see cref="T:System.Web.Http.HttpConfiguration"/>.</param>
            <param name="sampleObjects">The sample objects.</param>
        </member>
        <member name="M:EcommerceAPI.Areas.HelpPage.HelpPageConfigurationExtensions.SetSampleRequest(System.Web.Http.HttpConfiguration,System.Object,System.Net.Http.Headers.MediaTypeHeaderValue,System.String,System.String)">
            <summary>
            Sets the sample request directly for the specified media type and action.
            </summary>
            <param name="config">The <see cref="T:System.Web.Http.HttpConfiguration"/>.</param>
            <param name="sample">The sample request.</param>
            <param name="mediaType">The media type.</param>
            <param name="controllerName">Name of the controller.</param>
            <param name="actionName">Name of the action.</param>
        </member>
        <member name="M:EcommerceAPI.Areas.HelpPage.HelpPageConfigurationExtensions.SetSampleRequest(System.Web.Http.HttpConfiguration,System.Object,System.Net.Http.Headers.MediaTypeHeaderValue,System.String,System.String,System.String[])">
            <summary>
            Sets the sample request directly for the specified media type and action with parameters.
            </summary>
            <param name="config">The <see cref="T:System.Web.Http.HttpConfiguration"/>.</param>
            <param name="sample">The sample request.</param>
            <param name="mediaType">The media type.</param>
            <param name="controllerName">Name of the controller.</param>
            <param name="actionName">Name of the action.</param>
            <param name="parameterNames">The parameter names.</param>
        </member>
        <member name="M:EcommerceAPI.Areas.HelpPage.HelpPageConfigurationExtensions.SetSampleResponse(System.Web.Http.HttpConfiguration,System.Object,System.Net.Http.Headers.MediaTypeHeaderValue,System.String,System.String)">
            <summary>
            Sets the sample request directly for the specified media type of the action.
            </summary>
            <param name="config">The <see cref="T:System.Web.Http.HttpConfiguration"/>.</param>
            <param name="sample">The sample response.</param>
            <param name="mediaType">The media type.</param>
            <param name="controllerName">Name of the controller.</param>
            <param name="actionName">Name of the action.</param>
        </member>
        <member name="M:EcommerceAPI.Areas.HelpPage.HelpPageConfigurationExtensions.SetSampleResponse(System.Web.Http.HttpConfiguration,System.Object,System.Net.Http.Headers.MediaTypeHeaderValue,System.String,System.String,System.String[])">
            <summary>
            Sets the sample response directly for the specified media type of the action with specific parameters.
            </summary>
            <param name="config">The <see cref="T:System.Web.Http.HttpConfiguration"/>.</param>
            <param name="sample">The sample response.</param>
            <param name="mediaType">The media type.</param>
            <param name="controllerName">Name of the controller.</param>
            <param name="actionName">Name of the action.</param>
            <param name="parameterNames">The parameter names.</param>
        </member>
        <member name="M:EcommerceAPI.Areas.HelpPage.HelpPageConfigurationExtensions.SetSampleForMediaType(System.Web.Http.HttpConfiguration,System.Object,System.Net.Http.Headers.MediaTypeHeaderValue)">
            <summary>
            Sets the sample directly for all actions with the specified media type.
            </summary>
            <param name="config">The <see cref="T:System.Web.Http.HttpConfiguration"/>.</param>
            <param name="sample">The sample.</param>
            <param name="mediaType">The media type.</param>
        </member>
        <member name="M:EcommerceAPI.Areas.HelpPage.HelpPageConfigurationExtensions.SetSampleForType(System.Web.Http.HttpConfiguration,System.Object,System.Net.Http.Headers.MediaTypeHeaderValue,System.Type)">
            <summary>
            Sets the sample directly for all actions with the specified type and media type.
            </summary>
            <param name="config">The <see cref="T:System.Web.Http.HttpConfiguration"/>.</param>
            <param name="sample">The sample.</param>
            <param name="mediaType">The media type.</param>
            <param name="type">The parameter type or return type of an action.</param>
        </member>
        <member name="M:EcommerceAPI.Areas.HelpPage.HelpPageConfigurationExtensions.SetActualRequestType(System.Web.Http.HttpConfiguration,System.Type,System.String,System.String)">
            <summary>
            Specifies the actual type of <see cref="T:System.Net.Http.ObjectContent`1"/> passed to the <see cref="T:System.Net.Http.HttpRequestMessage"/> in an action.
            The help page will use this information to produce more accurate request samples.
            </summary>
            <param name="config">The <see cref="T:System.Web.Http.HttpConfiguration"/>.</param>
            <param name="type">The type.</param>
            <param name="controllerName">Name of the controller.</param>
            <param name="actionName">Name of the action.</param>
        </member>
        <member name="M:EcommerceAPI.Areas.HelpPage.HelpPageConfigurationExtensions.SetActualRequestType(System.Web.Http.HttpConfiguration,System.Type,System.String,System.String,System.String[])">
            <summary>
            Specifies the actual type of <see cref="T:System.Net.Http.ObjectContent`1"/> passed to the <see cref="T:System.Net.Http.HttpRequestMessage"/> in an action.
            The help page will use this information to produce more accurate request samples.
            </summary>
            <param name="config">The <see cref="T:System.Web.Http.HttpConfiguration"/>.</param>
            <param name="type">The type.</param>
            <param name="controllerName">Name of the controller.</param>
            <param name="actionName">Name of the action.</param>
            <param name="parameterNames">The parameter names.</param>
        </member>
        <member name="M:EcommerceAPI.Areas.HelpPage.HelpPageConfigurationExtensions.SetActualResponseType(System.Web.Http.HttpConfiguration,System.Type,System.String,System.String)">
            <summary>
            Specifies the actual type of <see cref="T:System.Net.Http.ObjectContent`1"/> returned as part of the <see cref="T:System.Net.Http.HttpRequestMessage"/> in an action.
            The help page will use this information to produce more accurate response samples.
            </summary>
            <param name="config">The <see cref="T:System.Web.Http.HttpConfiguration"/>.</param>
            <param name="type">The type.</param>
            <param name="controllerName">Name of the controller.</param>
            <param name="actionName">Name of the action.</param>
        </member>
        <member name="M:EcommerceAPI.Areas.HelpPage.HelpPageConfigurationExtensions.SetActualResponseType(System.Web.Http.HttpConfiguration,System.Type,System.String,System.String,System.String[])">
            <summary>
            Specifies the actual type of <see cref="T:System.Net.Http.ObjectContent`1"/> returned as part of the <see cref="T:System.Net.Http.HttpRequestMessage"/> in an action.
            The help page will use this information to produce more accurate response samples.
            </summary>
            <param name="config">The <see cref="T:System.Web.Http.HttpConfiguration"/>.</param>
            <param name="type">The type.</param>
            <param name="controllerName">Name of the controller.</param>
            <param name="actionName">Name of the action.</param>
            <param name="parameterNames">The parameter names.</param>
        </member>
        <member name="M:EcommerceAPI.Areas.HelpPage.HelpPageConfigurationExtensions.GetHelpPageSampleGenerator(System.Web.Http.HttpConfiguration)">
            <summary>
            Gets the help page sample generator.
            </summary>
            <param name="config">The <see cref="T:System.Web.Http.HttpConfiguration"/>.</param>
            <returns>The help page sample generator.</returns>
        </member>
        <member name="M:EcommerceAPI.Areas.HelpPage.HelpPageConfigurationExtensions.SetHelpPageSampleGenerator(System.Web.Http.HttpConfiguration,EcommerceAPI.Areas.HelpPage.HelpPageSampleGenerator)">
            <summary>
            Sets the help page sample generator.
            </summary>
            <param name="config">The <see cref="T:System.Web.Http.HttpConfiguration"/>.</param>
            <param name="sampleGenerator">The help page sample generator.</param>
        </member>
        <member name="M:EcommerceAPI.Areas.HelpPage.HelpPageConfigurationExtensions.GetModelDescriptionGenerator(System.Web.Http.HttpConfiguration)">
            <summary>
            Gets the model description generator.
            </summary>
            <param name="config">The configuration.</param>
            <returns>The <see cref="T:EcommerceAPI.Areas.HelpPage.ModelDescriptions.ModelDescriptionGenerator"/></returns>
        </member>
        <member name="M:EcommerceAPI.Areas.HelpPage.HelpPageConfigurationExtensions.GetHelpPageApiModel(System.Web.Http.HttpConfiguration,System.String)">
            <summary>
            Gets the model that represents an API displayed on the help page. The model is initialized on the first call and cached for subsequent calls.
            </summary>
            <param name="config">The <see cref="T:System.Web.Http.HttpConfiguration"/>.</param>
            <param name="apiDescriptionId">The <see cref="T:System.Web.Http.Description.ApiDescription"/> ID.</param>
            <returns>
            An <see cref="T:EcommerceAPI.Areas.HelpPage.Models.HelpPageApiModel"/>
            </returns>
        </member>
        <member name="T:EcommerceAPI.Areas.HelpPage.ModelDescriptions.ModelDescription">
            <summary>
            Describes a type model.
            </summary>
        </member>
        <member name="T:EcommerceAPI.Areas.HelpPage.ModelDescriptions.ModelDescriptionGenerator">
            <summary>
            Generates model descriptions for given types.
            </summary>
        </member>
        <member name="T:EcommerceAPI.Areas.HelpPage.ModelDescriptions.ModelNameAttribute">
            <summary>
            Use this attribute to change the name of the <see cref="T:EcommerceAPI.Areas.HelpPage.ModelDescriptions.ModelDescription"/> generated for a type.
            </summary>
        </member>
        <member name="T:EcommerceAPI.Areas.HelpPage.Models.HelpPageApiModel">
            <summary>
            The model that represents an API displayed on the help page.
            </summary>
        </member>
        <member name="M:EcommerceAPI.Areas.HelpPage.Models.HelpPageApiModel.#ctor">
            <summary>
            Initializes a new instance of the <see cref="T:EcommerceAPI.Areas.HelpPage.Models.HelpPageApiModel"/> class.
            </summary>
        </member>
        <member name="P:EcommerceAPI.Areas.HelpPage.Models.HelpPageApiModel.ApiDescription">
            <summary>
            Gets or sets the <see cref="P:EcommerceAPI.Areas.HelpPage.Models.HelpPageApiModel.ApiDescription"/> that describes the API.
            </summary>
        </member>
        <member name="P:EcommerceAPI.Areas.HelpPage.Models.HelpPageApiModel.UriParameters">
            <summary>
            Gets or sets the <see cref="T:EcommerceAPI.Areas.HelpPage.ModelDescriptions.ParameterDescription"/> collection that describes the URI parameters for the API.
            </summary>
        </member>
        <member name="P:EcommerceAPI.Areas.HelpPage.Models.HelpPageApiModel.RequestDocumentation">
            <summary>
            Gets or sets the documentation for the request.
            </summary>
        </member>
        <member name="P:EcommerceAPI.Areas.HelpPage.Models.HelpPageApiModel.RequestModelDescription">
            <summary>
            Gets or sets the <see cref="T:EcommerceAPI.Areas.HelpPage.ModelDescriptions.ModelDescription"/> that describes the request body.
            </summary>
        </member>
        <member name="P:EcommerceAPI.Areas.HelpPage.Models.HelpPageApiModel.RequestBodyParameters">
            <summary>
            Gets the request body parameter descriptions.
            </summary>
        </member>
        <member name="P:EcommerceAPI.Areas.HelpPage.Models.HelpPageApiModel.ResourceDescription">
            <summary>
            Gets or sets the <see cref="T:EcommerceAPI.Areas.HelpPage.ModelDescriptions.ModelDescription"/> that describes the resource.
            </summary>
        </member>
        <member name="P:EcommerceAPI.Areas.HelpPage.Models.HelpPageApiModel.ResourceProperties">
            <summary>
            Gets the resource property descriptions.
            </summary>
        </member>
        <member name="P:EcommerceAPI.Areas.HelpPage.Models.HelpPageApiModel.SampleRequests">
            <summary>
            Gets the sample requests associated with the API.
            </summary>
        </member>
        <member name="P:EcommerceAPI.Areas.HelpPage.Models.HelpPageApiModel.SampleResponses">
            <summary>
            Gets the sample responses associated with the API.
            </summary>
        </member>
        <member name="P:EcommerceAPI.Areas.HelpPage.Models.HelpPageApiModel.ErrorMessages">
            <summary>
            Gets the error messages associated with this model.
            </summary>
        </member>
        <member name="T:EcommerceAPI.Areas.HelpPage.HelpPageSampleGenerator">
            <summary>
            This class will generate the samples for the help page.
            </summary>
        </member>
        <member name="M:EcommerceAPI.Areas.HelpPage.HelpPageSampleGenerator.#ctor">
            <summary>
            Initializes a new instance of the <see cref="T:EcommerceAPI.Areas.HelpPage.HelpPageSampleGenerator"/> class.
            </summary>
        </member>
        <member name="P:EcommerceAPI.Areas.HelpPage.HelpPageSampleGenerator.ActualHttpMessageTypes">
            <summary>
            Gets CLR types that are used as the content of <see cref="T:System.Net.Http.HttpRequestMessage"/> or <see cref="T:System.Net.Http.HttpResponseMessage"/>.
            </summary>
        </member>
        <member name="P:EcommerceAPI.Areas.HelpPage.HelpPageSampleGenerator.ActionSamples">
            <summary>
            Gets the objects that are used directly as samples for certain actions.
            </summary>
        </member>
        <member name="P:EcommerceAPI.Areas.HelpPage.HelpPageSampleGenerator.SampleObjects">
            <summary>
            Gets the objects that are serialized as samples by the supported formatters.
            </summary>
        </member>
        <member name="P:EcommerceAPI.Areas.HelpPage.HelpPageSampleGenerator.SampleObjectFactories">
            <summary>
            Gets factories for the objects that the supported formatters will serialize as samples. Processed in order,
            stopping when the factory successfully returns a non-<see langref="null"/> object.
            </summary>
            <remarks>
            Collection includes just <see cref="M:EcommerceAPI.Areas.HelpPage.ObjectGenerator.GenerateObject(System.Type)"/> initially. Use
            <code>SampleObjectFactories.Insert(0, func)</code> to provide an override and
            <code>SampleObjectFactories.Add(func)</code> to provide a fallback.</remarks>
        </member>
        <member name="M:EcommerceAPI.Areas.HelpPage.HelpPageSampleGenerator.GetSampleRequests(System.Web.Http.Description.ApiDescription)">
            <summary>
            Gets the request body samples for a given <see cref="T:System.Web.Http.Description.ApiDescription"/>.
            </summary>
            <param name="api">The <see cref="T:System.Web.Http.Description.ApiDescription"/>.</param>
            <returns>The samples keyed by media type.</returns>
        </member>
        <member name="M:EcommerceAPI.Areas.HelpPage.HelpPageSampleGenerator.GetSampleResponses(System.Web.Http.Description.ApiDescription)">
            <summary>
            Gets the response body samples for a given <see cref="T:System.Web.Http.Description.ApiDescription"/>.
            </summary>
            <param name="api">The <see cref="T:System.Web.Http.Description.ApiDescription"/>.</param>
            <returns>The samples keyed by media type.</returns>
        </member>
        <member name="M:EcommerceAPI.Areas.HelpPage.HelpPageSampleGenerator.GetSample(System.Web.Http.Description.ApiDescription,EcommerceAPI.Areas.HelpPage.SampleDirection)">
            <summary>
            Gets the request or response body samples.
            </summary>
            <param name="api">The <see cref="T:System.Web.Http.Description.ApiDescription"/>.</param>
            <param name="sampleDirection">The value indicating whether the sample is for a request or for a response.</param>
            <returns>The samples keyed by media type.</returns>
        </member>
        <member name="M:EcommerceAPI.Areas.HelpPage.HelpPageSampleGenerator.GetActionSample(System.String,System.String,System.Collections.Generic.IEnumerable{System.String},System.Type,System.Net.Http.Formatting.MediaTypeFormatter,System.Net.Http.Headers.MediaTypeHeaderValue,EcommerceAPI.Areas.HelpPage.SampleDirection)">
            <summary>
            Search for samples that are provided directly through <see cref="P:EcommerceAPI.Areas.HelpPage.HelpPageSampleGenerator.ActionSamples"/>.
            </summary>
            <param name="controllerName">Name of the controller.</param>
            <param name="actionName">Name of the action.</param>
            <param name="parameterNames">The parameter names.</param>
            <param name="type">The CLR type.</param>
            <param name="formatter">The formatter.</param>
            <param name="mediaType">The media type.</param>
            <param name="sampleDirection">The value indicating whether the sample is for a request or for a response.</param>
            <returns>The sample that matches the parameters.</returns>
        </member>
        <member name="M:EcommerceAPI.Areas.HelpPage.HelpPageSampleGenerator.GetSampleObject(System.Type)">
            <summary>
            Gets the sample object that will be serialized by the formatters. 
            First, it will look at the <see cref="P:EcommerceAPI.Areas.HelpPage.HelpPageSampleGenerator.SampleObjects"/>. If no sample object is found, it will try to create
            one using <see cref="M:EcommerceAPI.Areas.HelpPage.HelpPageSampleGenerator.DefaultSampleObjectFactory(EcommerceAPI.Areas.HelpPage.HelpPageSampleGenerator,System.Type)"/> (which wraps an <see cref="T:EcommerceAPI.Areas.HelpPage.ObjectGenerator"/>) and other
            factories in <see cref="P:EcommerceAPI.Areas.HelpPage.HelpPageSampleGenerator.SampleObjectFactories"/>.
            </summary>
            <param name="type">The type.</param>
            <returns>The sample object.</returns>
        </member>
        <member name="M:EcommerceAPI.Areas.HelpPage.HelpPageSampleGenerator.ResolveHttpRequestMessageType(System.Web.Http.Description.ApiDescription)">
            <summary>
            Resolves the actual type of <see cref="T:System.Net.Http.ObjectContent`1"/> passed to the <see cref="T:System.Net.Http.HttpRequestMessage"/> in an action.
            </summary>
            <param name="api">The <see cref="T:System.Web.Http.Description.ApiDescription"/>.</param>
            <returns>The type.</returns>
        </member>
        <member name="M:EcommerceAPI.Areas.HelpPage.HelpPageSampleGenerator.ResolveType(System.Web.Http.Description.ApiDescription,System.String,System.String,System.Collections.Generic.IEnumerable{System.String},EcommerceAPI.Areas.HelpPage.SampleDirection,System.Collections.ObjectModel.Collection{System.Net.Http.Formatting.MediaTypeFormatter}@)">
            <summary>
            Resolves the type of the action parameter or return value when <see cref="T:System.Net.Http.HttpRequestMessage"/> or <see cref="T:System.Net.Http.HttpResponseMessage"/> is used.
            </summary>
            <param name="api">The <see cref="T:System.Web.Http.Description.ApiDescription"/>.</param>
            <param name="controllerName">Name of the controller.</param>
            <param name="actionName">Name of the action.</param>
            <param name="parameterNames">The parameter names.</param>
            <param name="sampleDirection">The value indicating whether the sample is for a request or a response.</param>
            <param name="formatters">The formatters.</param>
        </member>
        <member name="M:EcommerceAPI.Areas.HelpPage.HelpPageSampleGenerator.WriteSampleObjectUsingFormatter(System.Net.Http.Formatting.MediaTypeFormatter,System.Object,System.Type,System.Net.Http.Headers.MediaTypeHeaderValue)">
            <summary>
            Writes the sample object using formatter.
            </summary>
            <param name="formatter">The formatter.</param>
            <param name="value">The value.</param>
            <param name="type">The type.</param>
            <param name="mediaType">Type of the media.</param>
            <returns></returns>
        </member>
        <member name="T:EcommerceAPI.Areas.HelpPage.HelpPageSampleKey">
            <summary>
            This is used to identify the place where the sample should be applied.
            </summary>
        </member>
        <member name="M:EcommerceAPI.Areas.HelpPage.HelpPageSampleKey.#ctor(System.Net.Http.Headers.MediaTypeHeaderValue)">
            <summary>
            Creates a new <see cref="T:EcommerceAPI.Areas.HelpPage.HelpPageSampleKey"/> based on media type.
            </summary>
            <param name="mediaType">The media type.</param>
        </member>
        <member name="M:EcommerceAPI.Areas.HelpPage.HelpPageSampleKey.#ctor(System.Net.Http.Headers.MediaTypeHeaderValue,System.Type)">
            <summary>
            Creates a new <see cref="T:EcommerceAPI.Areas.HelpPage.HelpPageSampleKey"/> based on media type and CLR type.
            </summary>
            <param name="mediaType">The media type.</param>
            <param name="type">The CLR type.</param>
        </member>
        <member name="M:EcommerceAPI.Areas.HelpPage.HelpPageSampleKey.#ctor(EcommerceAPI.Areas.HelpPage.SampleDirection,System.String,System.String,System.Collections.Generic.IEnumerable{System.String})">
            <summary>
            Creates a new <see cref="T:EcommerceAPI.Areas.HelpPage.HelpPageSampleKey"/> based on <see cref="P:EcommerceAPI.Areas.HelpPage.HelpPageSampleKey.SampleDirection"/>, controller name, action name and parameter names.
            </summary>
            <param name="sampleDirection">The <see cref="P:EcommerceAPI.Areas.HelpPage.HelpPageSampleKey.SampleDirection"/>.</param>
            <param name="controllerName">Name of the controller.</param>
            <param name="actionName">Name of the action.</param>
            <param name="parameterNames">The parameter names.</param>
        </member>
        <member name="M:EcommerceAPI.Areas.HelpPage.HelpPageSampleKey.#ctor(System.Net.Http.Headers.MediaTypeHeaderValue,EcommerceAPI.Areas.HelpPage.SampleDirection,System.String,System.String,System.Collections.Generic.IEnumerable{System.String})">
            <summary>
            Creates a new <see cref="T:EcommerceAPI.Areas.HelpPage.HelpPageSampleKey"/> based on media type, <see cref="P:EcommerceAPI.Areas.HelpPage.HelpPageSampleKey.SampleDirection"/>, controller name, action name and parameter names.
            </summary>
            <param name="mediaType">The media type.</param>
            <param name="sampleDirection">The <see cref="P:EcommerceAPI.Areas.HelpPage.HelpPageSampleKey.SampleDirection"/>.</param>
            <param name="controllerName">Name of the controller.</param>
            <param name="actionName">Name of the action.</param>
            <param name="parameterNames">The parameter names.</param>
        </member>
        <member name="P:EcommerceAPI.Areas.HelpPage.HelpPageSampleKey.ControllerName">
            <summary>
            Gets the name of the controller.
            </summary>
            <value>
            The name of the controller.
            </value>
        </member>
        <member name="P:EcommerceAPI.Areas.HelpPage.HelpPageSampleKey.ActionName">
            <summary>
            Gets the name of the action.
            </summary>
            <value>
            The name of the action.
            </value>
        </member>
        <member name="P:EcommerceAPI.Areas.HelpPage.HelpPageSampleKey.MediaType">
            <summary>
            Gets the media type.
            </summary>
            <value>
            The media type.
            </value>
        </member>
        <member name="P:EcommerceAPI.Areas.HelpPage.HelpPageSampleKey.ParameterNames">
            <summary>
            Gets the parameter names.
            </summary>
        </member>
        <member name="P:EcommerceAPI.Areas.HelpPage.HelpPageSampleKey.SampleDirection">
            <summary>
            Gets the <see cref="P:EcommerceAPI.Areas.HelpPage.HelpPageSampleKey.SampleDirection"/>.
            </summary>
        </member>
        <member name="T:EcommerceAPI.Areas.HelpPage.ImageSample">
            <summary>
            This represents an image sample on the help page. There's a display template named ImageSample associated with this class.
            </summary>
        </member>
        <member name="M:EcommerceAPI.Areas.HelpPage.ImageSample.#ctor(System.String)">
            <summary>
            Initializes a new instance of the <see cref="T:EcommerceAPI.Areas.HelpPage.ImageSample"/> class.
            </summary>
            <param name="src">The URL of an image.</param>
        </member>
        <member name="T:EcommerceAPI.Areas.HelpPage.InvalidSample">
            <summary>
            This represents an invalid sample on the help page. There's a display template named InvalidSample associated with this class.
            </summary>
        </member>
        <member name="T:EcommerceAPI.Areas.HelpPage.ObjectGenerator">
            <summary>
            This class will create an object of a given type and populate it with sample data.
            </summary>
        </member>
        <member name="M:EcommerceAPI.Areas.HelpPage.ObjectGenerator.GenerateObject(System.Type)">
            <summary>
            Generates an object for a given type. The type needs to be public, have a public default constructor and settable public properties/fields. Currently it supports the following types:
            Simple types: <see cref="T:System.Int32"/>, <see cref="T:System.String"/>, <see cref="T:System.Enum"/>, <see cref="T:System.DateTime"/>, <see cref="T:System.Uri"/>, etc.
            Complex types: POCO types.
            Nullables: <see cref="T:System.Nullable`1"/>.
            Arrays: arrays of simple types or complex types.
            Key value pairs: <see cref="T:System.Collections.Generic.KeyValuePair`2"/>
            Tuples: <see cref="T:System.Tuple`1"/>, <see cref="T:System.Tuple`2"/>, etc
            Dictionaries: <see cref="T:System.Collections.Generic.IDictionary`2"/> or anything deriving from <see cref="T:System.Collections.Generic.IDictionary`2"/>.
            Collections: <see cref="T:System.Collections.Generic.IList`1"/>, <see cref="T:System.Collections.Generic.IEnumerable`1"/>, <see cref="T:System.Collections.Generic.ICollection`1"/>, <see cref="T:System.Collections.IList"/>, <see cref="T:System.Collections.IEnumerable"/>, <see cref="T:System.Collections.ICollection"/> or anything deriving from <see cref="T:System.Collections.Generic.ICollection`1"/> or <see cref="T:System.Collections.IList"/>.
            Queryables: <see cref="T:System.Linq.IQueryable"/>, <see cref="T:System.Linq.IQueryable`1"/>.
            </summary>
            <param name="type">The type.</param>
            <returns>An object of the given type.</returns>
        </member>
        <member name="T:EcommerceAPI.Areas.HelpPage.SampleDirection">
            <summary>
            Indicates whether the sample is used for request or response
            </summary>
        </member>
        <member name="T:EcommerceAPI.Areas.HelpPage.TextSample">
            <summary>
            This represents a preformatted text sample on the help page. There's a display template named TextSample associated with this class.
            </summary>
        </member>
        <member name="T:EcommerceAPI.Areas.HelpPage.XmlDocumentationProvider">
            <summary>
            A custom <see cref="T:System.Web.Http.Description.IDocumentationProvider"/> that reads the API documentation from an XML documentation file.
            </summary>
        </member>
        <member name="M:EcommerceAPI.Areas.HelpPage.XmlDocumentationProvider.#ctor(System.String)">
            <summary>
            Initializes a new instance of the <see cref="T:EcommerceAPI.Areas.HelpPage.XmlDocumentationProvider"/> class.
            </summary>
            <param name="documentPath">The physical path to XML document.</param>
        </member>
        <member name="T:EcommerceAPI.Controllers.AccountController">
            <summary>
            To manager account
            </summary>    
        </member>
        <member name="M:EcommerceAPI.Controllers.AccountController.Logout">
            <summary>
            To Logout and clear token
            </summary>
            <returns></returns>
        </member>
        <member name="M:EcommerceAPI.Controllers.AccountController.ChangePassword(EcommerceAPI.Models.ChangePasswordBindingModel)">
            <summary>
            Change password any user 
            </summary>
            <param name="model"></param>
            <returns></returns>
        </member>
        <member name="M:EcommerceAPI.Controllers.AccountController.SetPassword(EcommerceAPI.Models.SetPasswordBindingModel)">
            <summary>
            Change password of current user
            </summary>
            <param name="model"></param>
            <returns></returns>
        </member>
        <member name="M:EcommerceAPI.Controllers.AccountController.Register(EcommerceAPI.Models.RegisterBindingModel)">
            <summary>
            To create member
            </summary>
            <param name="model"></param>
            <returns></returns>
        </member>
        <member name="M:EcommerceAPI.Controllers.AccountController.ForgotPassword(EcommerceAPI.Models.ForgotPasswordBindingModel)">
            <summary>
            Enter your email of member to see token and reset password
            </summary>
            <param name="model"></param>
            <returns></returns>
        </member>
        <member name="M:EcommerceAPI.Controllers.AccountController.ResetPassword(System.String,System.Int64)">
            <summary>
            To check availability token of Member
            </summary>
            <param name="code">Token</param>
            <param name="userId">Id or UserId of Member</param>
            <returns></returns>
        </member>
        <member name="M:EcommerceAPI.Controllers.AccountController.ResetPassword(EcommerceAPI.Models.ResetPasswordBindingModel)">
            <summary>
            Enter info to reset pasword
            </summary>
            <param name="model"></param>
            <returns></returns>
        </member>
        <member name="P:EcommerceAPI.Controllers.BaseApiController.UserManager">
            <summary>
            Current User info
            </summary>
        </member>
        <member name="T:EcommerceAPI.Controllers.MemberController">
            <summary>
            To manage Members, 
            Get Special Requirements by Club
            Seating Preference by Club
            </summary>
        </member>
        <member name="M:EcommerceAPI.Controllers.MemberController.GetSeatingPreference">
            <summary>
            Get Seating Preference of your club from current the member manager
            </summary>
            <returns></returns>
        </member>
        <member name="M:EcommerceAPI.Controllers.MemberController.GetSpecialRequirement">
            <summary>
            Get Special Requirement of your club from current the member manager
            </summary>
            <returns></returns>
        </member>
        <member name="M:EcommerceAPI.Controllers.MemberController.GetMemberInGroup">
            <summary>
            Get Members In Group of the manager
            </summary>
            <returns></returns>
        </member>
        <member name="M:EcommerceAPI.Controllers.MemberController.GetClubInfo(System.Int32)">
            <summary>
            Get Club info detail by ClubId
            </summary>
            <param name="clubId"></param>
            <returns></returns>
        </member>
        <member name="M:EcommerceAPI.Controllers.MemberController.CheckMemberInGroup(System.String)">
            <summary>
            To Check member in group first when add to Group
            </summary>
            <param name="memberNumber"></param>
            <returns></returns>
        </member>
        <member name="M:EcommerceAPI.Controllers.MemberController.SaveGroup(EcommerceAPI.Models.MemberGroupBindingModel)">
            <summary>
            Update info for members in group
            </summary>
            <param name="model"></param>
            <returns></returns>
        </member>
        <member name="M:EcommerceAPI.Controllers.MemberController.StoreGroup(System.Collections.Generic.List{DataAccess.MemberGroupDetailBindingModel})">
            <summary>
            
            </summary>
            <returns></returns>
        </member>
        <member name="T:EcommerceAPI.Helpers.ClubConfiguration">
            <summary>
            Load All information of Club
            </summary>
        </member>
        <member name="F:EcommerceAPI.Helpers.ClubConfiguration._memberService">
            <summary>
            
            </summary>
        </member>
        <member name="F:EcommerceAPI.Helpers.ClubConfiguration.XsrfKey">
            <summary>
            XSRF Key of Password
            </summary>
        </member>
        <member name="F:EcommerceAPI.Helpers.ClubConfiguration.PublicKey">
            <summary>
            Public Key of club
            </summary>
        </member>
        <member name="F:EcommerceAPI.Helpers.ClubConfiguration.MaxMember">
            <summary>
            Maximum Member in  a Group
            </summary>
        </member>
        <member name="F:EcommerceAPI.Helpers.ClubConfiguration.Club_Id">
            <summary>
            Club Id
            </summary>
        </member>
        <member name="F:EcommerceAPI.Helpers.ClubConfiguration.Club_Email">
            <summary>
            Email Club or Email Site
            </summary>
        </member>
        <member name="F:EcommerceAPI.Helpers.ClubConfiguration.Club_Admin_Email">
            <summary>
            Email Admin to manage club
            </summary>
        </member>
        <member name="F:EcommerceAPI.Helpers.ClubConfiguration.Club_Name">
            <summary>
            Name Club
            </summary>
        </member>
        <member name="F:EcommerceAPI.Helpers.ClubConfiguration.Api_Domain">
            <summary>
            Domain for API
            </summary>
        </member>
        <member name="F:EcommerceAPI.Helpers.ClubConfiguration.Club_Domain">
            <summary>
            Domain website for Club member
            </summary>
        </member>
        <member name="F:EcommerceAPI.Helpers.ClubConfiguration.Club_Phone">
            <summary>
            Phone support
            </summary>
        </member>
        <member name="F:EcommerceAPI.Helpers.ClubConfiguration.Club_Logo">
            <summary>
            Logo of Club
            </summary>
        </member>
        <member name="F:EcommerceAPI.Helpers.ClubConfiguration.LogoHeaderEmail">
            <summary>
            Logo of Club
            </summary>
        </member>
        <member name="F:EcommerceAPI.Helpers.ClubConfiguration.isMaintenance">
            <summary>
            To Maintenance
            </summary>
        </member>
        <member name="F:EcommerceAPI.Helpers.ClubConfiguration.isDevelopment">
            <summary>
            This API is development
            </summary>
        </member>
        <member name="F:EcommerceAPI.Helpers.ClubConfiguration.connectionString">
            <summary>
            This is connection string 
            </summary>
        </member>
        <member name="M:EcommerceAPI.Helpers.ClubConfiguration.StoreSettings">
            <summary>
            Get infomation of Store
            </summary>
        </member>
        <member name="T:EcommerceAPI.Models.AddExternalLoginBindingModel">
            <summary>
            AddExternalLoginBindingModel to support to validate the data
            </summary>
        </member>
        <member name="P:EcommerceAPI.Models.AddExternalLoginBindingModel.ExternalAccessToken">
            <summary>
            this is External access token
            </summary>
        </member>
        <member name="T:EcommerceAPI.Models.LoginViewModel">
            <summary>
            LoginViewModel to support to validate the data
            </summary>
        </member>
        <member name="P:EcommerceAPI.Models.LoginViewModel.MemberID">
            <summary>
            This is Member number
            </summary>
        </member>
        <member name="P:EcommerceAPI.Models.LoginViewModel.Password">
            <summary>
            This is password of member
            </summary>
        </member>
        <member name="P:EcommerceAPI.Models.LoginViewModel.RememberMe">
            <summary>
            To Remember Password on API not used
            </summary>
        </member>
        <member name="T:EcommerceAPI.Models.SetPasswordBindingModel">
            <summary>
            Password Binding Model to support to validate the data
            </summary>
        </member>
        <member name="P:EcommerceAPI.Models.SetPasswordBindingModel.NewPassword">
            <summary>
            New password
            </summary>
        </member>
        <member name="P:EcommerceAPI.Models.SetPasswordBindingModel.ConfirmPassword">
            <summary>
            Confirm new password
            </summary>
        </member>
        <member name="T:EcommerceAPI.Models.ForgotPasswordBindingModel">
            <summary>
            Forgot Password Binding Model to support to validate the data
            </summary>
        </member>
        <member name="P:EcommerceAPI.Models.ForgotPasswordBindingModel.Email">
            <summary>
            Email of member to need to reset password
            </summary>
        </member>
        <member name="T:EcommerceAPI.Models.ResetPasswordBindingModel">
            <summary>
            Reset Password Binding Model to support to validate the data
            </summary>
        </member>
        <member name="P:EcommerceAPI.Models.ResetPasswordBindingModel.UserId">
            <summary>
            Member Id and User Id
            </summary>
        </member>
        <member name="P:EcommerceAPI.Models.ResetPasswordBindingModel.MemberId">
            <summary>
            This is member number or Username
            </summary>        
        </member>
        <member name="P:EcommerceAPI.Models.ResetPasswordBindingModel.Password">
            <summary>
            Password of Member
            </summary>
        </member>
        <member name="P:EcommerceAPI.Models.ResetPasswordBindingModel.ConfirmPassword">
            <summary>
            Confirm Password of Member
            </summary>
        </member>
        <member name="P:EcommerceAPI.Models.ResetPasswordBindingModel.Code">
            <summary>
            This is token will be send in your email
            </summary>
        </member>
        <member name="T:EcommerceAPI.Models.MemberGroupBindingModel">
            <summary>
            Member Group Binding Model to store member in group
            </summary>
        </member>
        <member name="P:EcommerceAPI.Models.MemberGroupBindingModel.MemberInGroup">
            <summary>
            List member in the group
            </summary>
        </member>
        <member name="P:EcommerceAPI.Models.MemberGroupBindingModel.GroupDetail">
            <summary>
            Information of the group
            </summary>
        </member>
        <!-- Badly formed XML comment ignored for member "F:EcommerceAPI.Models.EmailResetPasswordViewModel.Club_Id" -->
        <member name="F:EcommerceAPI.Models.EmailResetPasswordViewModel.Club_Email">
            <summary>
            Email Club or Email Site
            </summary>
        </member>
        <member name="F:EcommerceAPI.Models.EmailResetPasswordViewModel.Club_Name">
            <summary>
            Name Club
            </summary>
        </member>
        <member name="F:EcommerceAPI.Models.EmailResetPasswordViewModel.Club_Phone">
            <summary>
            Phone support
            </summary>
        </member>
        <member name="F:EcommerceAPI.Models.EmailResetPasswordViewModel.Club_Logo">
            <summary>
            Logo of Club
            </summary>
        </member>
        <member name="T:EcommerceAPI.Models.EmailService">
            <summary>
            Email Service of 
            </summary>
        </member>
        <member name="M:EcommerceAPI.Models.EmailService.SendAsync(Microsoft.AspNet.Identity.IdentityMessage)">
            <summary>
            Send Async
            </summary>
            <param name="message"></param>
            <returns></returns>
        </member>
        <member name="M:EcommerceAPI.Models.EmailService.SendEmailAsync(System.Net.Mail.MailAddress,System.Net.Mail.MailAddress,System.String,System.String,System.String[],System.String[])">
            <summary>
            Send Email Async
            </summary>
            <param name="to"></param>
            <param name="from"></param>
            <param name="subject"></param>
            <param name="body"></param>
            <param name="cc"></param>
            <param name="bcc"></param>
            <returns></returns>
        </member>
        <member name="P:EcommerceAPI.Models.ApplicationUser.ClubID">
            <summary>
            Member is of Group
            </summary>
        </member>
        <member name="M:EcommerceAPI.Providers.ApplicationOAuthProvider.GrantResourceOwnerCredentials(Microsoft.Owin.Security.OAuth.OAuthGrantResourceOwnerCredentialsContext)">
            <summary>
            Get Token first
            </summary>
            <param name="context"></param>
            <returns></returns>
        </member>
        <member name="M:EcommerceAPI.Providers.ApplicationOAuthProvider.CreateProperties(EcommerceAPI.Models.ApplicationUser)">
            <summary>
            
            </summary>
            <param name="user"></param>
            <returns></returns>
        </member>
        <member name="T:EcommerceAPI.Resources.APIResource">
            <summary>
              A strongly-typed resource class, for looking up localized strings, etc.
            </summary>
        </member>
        <member name="P:EcommerceAPI.Resources.APIResource.ResourceManager">
            <summary>
              Returns the cached ResourceManager instance used by this class.
            </summary>
        </member>
        <member name="P:EcommerceAPI.Resources.APIResource.Culture">
            <summary>
              Overrides the current thread's CurrentUICulture property for all
              resource lookups using this strongly typed resource class.
            </summary>
        </member>
        <member name="P:EcommerceAPI.Resources.APIResource.Account_Get_Member_Successfully">
            <summary>
              Looks up a localized string similar to Members in Group have been got successfully.
            </summary>
        </member>
        <member name="P:EcommerceAPI.Resources.APIResource.Account_Group_Member_Check_Member_Total_In_Group">
            <summary>
              Looks up a localized string similar to Check members total in your group.
            </summary>
        </member>
        <member name="P:EcommerceAPI.Resources.APIResource.Account_Group_Member_Check_Seating_Preference">
            <summary>
              Looks up a localized string similar to Please check seating preference.
            </summary>
        </member>
        <member name="P:EcommerceAPI.Resources.APIResource.Account_Group_Member_Has_Registered_To_Add_Group">
            <summary>
              Looks up a localized string similar to The member has registered as a Single Person or Seating Group.
            </summary>
        </member>
        <member name="P:EcommerceAPI.Resources.APIResource.Account_Group_Member_Have_Been_Saved">
            <summary>
              Looks up a localized string similar to The member in group have been saved.
            </summary>
        </member>
        <member name="P:EcommerceAPI.Resources.APIResource.Account_Group_Member_Have_Been_Submited">
            <summary>
              Looks up a localized string similar to The member in group have been submited.
            </summary>
        </member>
        <member name="P:EcommerceAPI.Resources.APIResource.Account_Group_Member_In_Group_Not_Exist">
            <summary>
              Looks up a localized string similar to No member account found in your group.
            </summary>
        </member>
        <member name="P:EcommerceAPI.Resources.APIResource.Account_Group_Member_InValid">
            <summary>
              Looks up a localized string similar to The member is invalid.
            </summary>
        </member>
        <member name="P:EcommerceAPI.Resources.APIResource.Account_Group_Member_Manager_In_Group_Not_Exist">
            <summary>
              Looks up a localized string similar to No member manager account found.
            </summary>
        </member>
        <member name="P:EcommerceAPI.Resources.APIResource.Account_Group_Member_Valid">
            <summary>
              Looks up a localized string similar to The member is valid.
            </summary>
        </member>
        <member name="P:EcommerceAPI.Resources.APIResource.Account_Login_Unsuccessful">
            <summary>
              Looks up a localized string similar to Login was unsuccessful. Please correct the errors and try again..
            </summary>
        </member>
        <member name="P:EcommerceAPI.Resources.APIResource.Account_Login_WrongCredentials">
            <summary>
              Looks up a localized string similar to The member number or password provided are incorrect.
            </summary>
        </member>
        <member name="P:EcommerceAPI.Resources.APIResource.Account_Login_WrongCredentials_CustomerNotExist">
            <summary>
              Looks up a localized string similar to No member account found.
            </summary>
        </member>
        <member name="P:EcommerceAPI.Resources.APIResource.Account_Login_WrongCredentials_NotActive">
            <summary>
              Looks up a localized string similar to Account is not active.
            </summary>
        </member>
        <member name="P:EcommerceAPI.Resources.APIResource.Account_Login_WrongCredentials_Password">
            <summary>
              Looks up a localized string similar to The password provided is incorrect.
            </summary>
        </member>
        <member name="P:EcommerceAPI.Resources.APIResource.Account_Login_WrongCredentials_Username">
            <summary>
              Looks up a localized string similar to The member number provided is incorrect.
            </summary>
        </member>
        <member name="P:EcommerceAPI.Resources.APIResource.Account_Logout">
            <summary>
              Looks up a localized string similar to Log out.
            </summary>
        </member>
        <member name="P:EcommerceAPI.Resources.APIResource.Account_PasswordRecovery_LinkExpired">
            <summary>
              Looks up a localized string similar to Your password recovery link is expired.
            </summary>
        </member>
        <member name="P:EcommerceAPI.Resources.APIResource.Admin_System_StopOnError">
            <summary>
              Looks up a localized string similar to Stop on error.
            </summary>
        </member>
        <member name="P:EcommerceAPI.Resources.APIResource.Club_Club_Has_Loaded_Successfully">
            <summary>
              Looks up a localized string similar to Club has been loaded successfully.
            </summary>
        </member>
        <member name="P:EcommerceAPI.Resources.APIResource.Club_ClubNotFound">
            <summary>
              Looks up a localized string similar to Club not found.
            </summary>
        </member>
        <member name="P:EcommerceAPI.Resources.APIResource.Club_NotExist">
            <summary>
              Looks up a localized string similar to No Club found.
            </summary>
        </member>
        <member name="P:EcommerceAPI.Resources.APIResource.Dir_Content_Image">
            <summary>
              Looks up a localized string similar to /Content/Images/{0}.
            </summary>
        </member>
        <member name="P:EcommerceAPI.Resources.APIResource.Dir_Images">
            <summary>
              Looks up a localized string similar to /Images/{0}.
            </summary>
        </member>
        <member name="P:EcommerceAPI.Resources.APIResource.LABEL_FORGOT_PASSWORD">
            <summary>
              Looks up a localized string similar to Forgot Password.
            </summary>
        </member>
        <member name="P:EcommerceAPI.Resources.APIResource.LABEL_RESET_PASSWORD">
            <summary>
              Looks up a localized string similar to Reset Password.
            </summary>
        </member>
        <member name="P:EcommerceAPI.Resources.APIResource.MSG_FORGOT_PASSWORD_CONTENT_SEND_MAIL">
            <summary>
              Looks up a localized string similar to Thank you. We have sent an email to the address registered with that account with information on how to reset your password. Please check your email..
            </summary>
        </member>
        <member name="P:EcommerceAPI.Resources.APIResource.MSG_FORGOT_PASSWORD_WARNING_USER_INVALID">
            <summary>
              Looks up a localized string similar to The user either does not exist or is not confirmed..
            </summary>
        </member>
        <member name="P:EcommerceAPI.Resources.APIResource.MSG_MEMBER_HAS_NOT_FOUND">
            <summary>
              Looks up a localized string similar to Member has not found..
            </summary>
        </member>
        <member name="P:EcommerceAPI.Resources.APIResource.MSG_RESET_PASSWORD_TOKEN_INVALID">
            <summary>
              Looks up a localized string similar to Token invalid - this link may have expired.
            </summary>
        </member>
        <member name="P:EcommerceAPI.Resources.APIResource.MSG_RESET_PASSWORD_TOKEN_VALID">
            <summary>
              Looks up a localized string similar to Token valid - You can change your password now.
            </summary>
        </member>
        <member name="P:EcommerceAPI.Resources.APIResource.MSG_SEATING_PREFERENCE_GET_SUCCESSFULLY">
            <summary>
              Looks up a localized string similar to Club Seatings have been got successfully.
            </summary>
        </member>
        <member name="P:EcommerceAPI.Resources.APIResource.MSG_SEATING_PREFERENCE_GET_UNSUCCESSFULLY">
            <summary>
              Looks up a localized string similar to Club Seatings have been got unsuccessfully.
            </summary>
        </member>
        <member name="P:EcommerceAPI.Resources.APIResource.MSG_SPECIAL_REQUIREMENT_GET_SUCCESSFULLY">
            <summary>
              Looks up a localized string similar to Special requirements have been got successfully.
            </summary>
        </member>
        <member name="P:EcommerceAPI.Resources.APIResource.MSG_SPECIAL_REQUIREMENT_GET_UNSUCCESSFULLY">
            <summary>
              Looks up a localized string similar to Special requirements have been got unsuccessfully.
            </summary>
        </member>
        <member name="P:EcommerceAPI.Resources.APIResource.MSG_THE_ACCOUNT_HAS_BEEN_CREATED">
            <summary>
              Looks up a localized string similar to The account with MemberId #{0} was added successfully!.
            </summary>
        </member>
        <member name="P:EcommerceAPI.Resources.APIResource.MSG_WARNING_PARAMETER_IS_NULL">
            <summary>
              Looks up a localized string similar to Parameter is not valid.
            </summary>
        </member>
        <member name="P:EcommerceAPI.Resources.APIResource.MSG_YOUR_PASSWORD_HAS_BEEN_CHANGED">
            <summary>
              Looks up a localized string similar to Your password has been updated.
            </summary>
        </member>
        <member name="M:System.Web.Mvc.HTMLExtensions.AbsoluteAction(System.Web.Mvc.UrlHelper,System.String,System.String,System.Object)">
            <summary>
            Generates a fully qualified URL to an action method by using
            the specified action name, controller name and route values.
            </summary>
            <param name="url">The URL helper.</param>
            <param name="actionName">The name of the action method.</param>
            <param name="controllerName">The name of the controller.</param>
            <param name="routeValues">The route values.</param>
            <returns>The absolute URL.</returns>
        </member>
        <member name="M:System.Web.Mvc.HTMLExtensions.Image(System.Web.Mvc.UrlHelper,System.String,System.Boolean)">
            <summary>
            Get full link of a image on the sever
            </summary>
            <param name="url"></param>
            <param name="imagePath"></param>
            <param name="isContentRoot"></param>
            <returns></returns>
        </member>
    </members>
</doc>
